created_at,full_text,clean_tweet,Sentiment
2024-11-02 11:26:11+00:00,@BuruhYogyakarta @mendokutsay lucu lu min. ini yg dibandingin 1rumah1sarjana sama MAKAN SIANG GRATIS. perbaikan sd-sma bisa dilakukan sembari semua program tadi dilakukan. dan fakta kalau 1rumah1sarjana bakal membawa perubahan ga mesti soal ekonomi. knp pemikiran lu hitam putih gini sih? kocak,kamucu kamu min ini yang dibandingin 1rumah1sarjana sama makan siang gratis baik sd sma bisa laku sembari semua program tadi laku dan fakta kalau 1rumah1sarjana bakal bawa ubah tidak mesti soal ekonomi knp pikir kamu hitam putih gin kocak,Negative
2024-10-29 03:35:49+00:00,1. SobaTani program makan bergizi gratis menjadi salah satu program strategis pemerintah di bawah kepemimpinan Presiden Prabowo Subianto @prabowo Program makan bergizi menjadi salah satu langkah untuk kebangkitan bangsa Indonesia menjadi negara maju dan sejahtera. https://t.co/zyqQ90LAad,1 sobatani program makan gizi gratis jadi salah satu program strategis perintah di bawah pimpin presiden prabowo subianto program makan gizi jadi salah satu langkah untuk bangkit bangsa indonesia jadi netidakra maju dan sejahtera,Positive
2024-11-01 05:19:32+00:00,Para mahluk gaib gimana pilot program makan siang gratis dr GAIB? Mau di lanjutkan?,para mahkamuk tidakib gimana pilot program makan siang gratis dari tidakib ingin di lanjut,Positive
2024-10-30 14:13:06+00:00,Salah satu alasan program makan siang gratis akan dikaji ulang oleh Pemerintah: https://t.co/rS5up4rJ3a,salah satu alas program makan siang gratis akan kaji ulang oleh perintah,Positive
2024-10-28 08:10:13+00:00,Berikut ini program-program tidak mendidik yang dijanjikan pada momen Pilpres/Pilkada yang (celakanya) disuka pemilih: - BLT/Bansos - Raskin - Sarapan gratis - Makan siang gratis - Subsidi BBM - Tiap Desa dapat uang tunai - Tiap RW dapat uang tunai - Tiap RT dapat uang tunai -,ikut ini program program tidak didik yang janji pada momen pilpres pilkada yang celaka suka pilih blt bansos raskin sarap gratis makan siang gratis subsidi bbm tiap desa dapat uang tunai tiap rw dapat uang tunai tiapdapat uang tunai,Negative
2024-11-02 04:35:01+00:00,@bacottetangga__ Emang sengaja dimatikan biar import susu terus.. Dan tau kan siapa pemilih perush yg import susu tersebut? Apalagi kebutuhan susu utk program makan siang gratis sangat besar.. Jadi selamat dirampok penguasa sendiri ,emang sentidakja mati biar import susu terus dan tau kan siapa pilih perush yang import susu sebut apalagi butuh susu utk program makan siang gratis santidakt besar jadi selamat rampok kuasa sendiri,Negative
2024-11-03 18:02:40+00:00,lance lu sungkem minta maaf sama mekanik lu kasih bonus pesenin tiket buat liburan kasih program makan siang gratis sekolahin anaknya berangkatin umroh,lance kamu sungkem minta maaf sama mekanik kamu ka bonus senin tiket buat libur ka program makan siang gratis sekolahin anak berangkatin umroh,Positive
2024-10-29 08:18:52+00:00,@ainunnajib Dr makanan ada ditanggung pemerintah dr sarapan sampe makan malam? Program yg gratis cuma makan siang itu jg rawan dikorupsi. Dr yg 15 rebu bisa2 nyampe ke anak cuma air mineral.,dari makan ada tanggung perintah dari sarap sampe makan malam program yang gratis cuma makan siang itu jg rawan korupsi dari yang 15 rebu bisa2 nyampe ke anak cuma air mineral,Negative
2024-10-31 09:03:59+00:00,Hasil program Makan Siang Gratis tapi dari Boga Group. https://t.co/UEl3K1D8pM,hasil program makan siang gratis tapi dari botidak group,Positive
2024-11-02 07:10:50+00:00,egk butuh makan siang gratis tp butuh program satu rumah satu sungjin https://t.co/3Cu23CXUaP,egk butuh makan siang gratis tapi butuh program satu rumah satu sungjin,Netral
2024-10-30 04:07:46+00:00,Makan Siang Gratis dari Pak Prabowo Sarapan Pagi Gratis dari Mas Pram &amp; Bang Doel. Ibu2 gak repot2 lagi pagi senam olah raga sholawatan pengajian anak2nya sudah diurusin oleh Pemerintah. Pokoknya Kagak ribet dah!! #JakartaMenyala #PrakarUntukJakarta https://t.co/bl2ObUnk3E,makan siang gratis dari pak prabowo sarap pagi gratis dari mas pram amp bang doel ibu2 tidak repot2 lagi pagi senam olah ratidak sholawatan pentidakjian anak2nya sudah diurusin oleh perintah pokok katidak ribet dah jakartamenyala prakaruntukjakarta,Negative
2024-11-01 07:42:41+00:00,Untuk mendukung kelancaran program unggulan Pemerintahan Prabowo - Gibran Forum Pemerintah Kabupaten Sumedang Jabar gencar menggelar simulasi makan siang bergizi gratis bagi anak-anak sekolah. Menurut Kapolres Sumedang AKBP Joko Dwi Harsono mengatakan program pengenalan makan https://t.co/cYHth3qyX4,untuk dukung lancar program unggul perintah prabowo gibran forum perintah kabupaten sumedang jabar gencar gelar simulasi makan siang gizi gratis bagi anak anak sekolah turut kapolres sumedang akbp joko dwi harsono mentidaktakan program kenal makan,Positive
2024-10-31 03:19:23+00:00,@Box2BoxBola @tirta_cipeng Miris banget ya bacanya. Pemerintah sibuk dgn program makan siang gratis tapi anak2 kita ga pernah diperhatikan gizinya ketika di rumah. Pentingnya mensejahterakan orang tua pekerja juga jam kerja yg sesuai biar para ortu bisa menyediakan makanan bergizi di rumah. ,miris banget ya baca perintah sibuk dgn program makan siang gratis tapi anak2 kita tidak pernah perhati gizi ketika di rumah penting sejahtera orang tua kerja jutidak jam kerja yang sesuai biar para ortu bisa sedia makan gizi di rumah,Positive
2024-11-02 00:23:21+00:00,Bukti Loyalitas Masyarakat Dukung Program Makan Bergizi Gratis Program makan bergizi gratis itu diusung untuk menangani masalah tengkes atau stunting demi tercapainya kualitas SDM dan kualitas hidup yang baik. Prilly Latuconsina #Bisadipegang Cipondoh #SekaliLagi Menteri https://t.co/Fug3JMFNAj,bukti loyalitas masayaarakat dukung program makan gizi gratis program makan gizi gratis itu usung untuk menantidakni masalah tengkes atau stunting demi capa kualitas sdm dan kualitas hidup yang baik prilly latuconsina bisadipetidakng cipondoh sekalilagi menteri,Positive
2024-10-24 00:53:36+00:00,Izin Pak @prabowo 2 hal ini yang jadi target Gibran and the genk Projo. Program makan siang gratis dan Proyek Strategi Nasional. Saran pliss jangan dikasih ke mereka bahaya! Duitnya gede pegang langsung aja sendiri! https://t.co/MCeLANOyjU,izin pak 2 hal ini yang jadi target gibran and the genk projo program makan siang gratis dan proyek strategi nasional saran pliss jantidakn dika ke mereka bahaya duit gede petidakng langsung saja sendiri,Negative
2024-10-24 03:12:19+00:00,Awas yaa ada HOAX klo program makan siang gratis di sekolah2 motong gaji guru dan dana Bos Nih bu Sri Mulyani menjelaskan klo anggaran program mkan siang gratis itu On TOP alias udah ada anggaran nya ga ambil dr sana sini Keren kn pengaturan keuangan bu menteri @KemenkeuRI https://t.co/80lyWS8Qcs,awas yaa ada hoax klo program makan siang gratis di sekolah2 motong tidakji guru dan dana bos nih bu sri mulyani jelas klo angtidakran program mkan siang gratis itu on top alias udah ada angtidakran nya tidak ambil dari sana sini keren kn pentidakturan keuantidakn bu menteri,Positive
2024-10-24 08:14:35+00:00,Pemerintahan Prabowo Subianto dan Gibran Rakabuming Raka menggaungkan program makan siang dan susu gratis yang disebut membutuhkan dana hingga Rp460 triliun. Simulasi makan siang gratis sudah mulai digelar di sejumlah sekolah di Sukabumi Jakarta Semarang hingga Atambua. https://t.co/j0XZtnMNhJ,perintah prabowo subianto dan gibran rakabuming raka mengtidakungkan program makan siang dan susu gratis yang sebut butuh dana hingtidak rp460 triliun simulasi makan siang gratis sudah mulai gelar di jumlah sekolah di sukabumi jakarta semarang hingtidak atambua,Positive
2024-10-23 12:14:58+00:00,Wakil Presiden Gibran Rakabuming Raka mengatakan bahwa ia masih menunggu arahan dari Presiden Prabowo Subianto soal pembagian tugas termasuk dalam menangani program makan siang bergizi gratis. #TempoQuotes https://t.co/8sHxzJOQzx,wakil presiden gibran rakabuming raka mentidaktakan bahwa ia ma tunggu arah dari presiden prabowo subianto soal bagi tutidaks masuk dalam menantidakni program makan siang gizi gratis tempoquotes,Positive
2024-10-23 15:26:53+00:00,Entah kenapa program Makan siang gratis atau apalah namanya adalah program paling LUCU sepanjang sejarah peradaban berdirinya sebuah negara Urgensinya apa? Kalo mau meningkatkan mutu pendidikan anak2 tdk butuh makan gratis Anak2 butuh SEKOLAH GRATIS dengan segala fasilitasnya https://t.co/rd2Er5Fz93,entah kenapa program makan siang gratis atau apa nama adalah program paling kamucu panjang sejarah adab diri buah netidakra urgensi apa kalau ingin tingkat mutu didik anak2 tidak butuh makan gratis anak2 butuh sekolah gratis dentidakn setidakla fasilitas,Negative
2024-10-26 07:13:28+00:00, Daripada program makan siang gratis kenapa pemerintah ga bikin program konser musik gratis ya di seluruh provinsi di Indonesia? Tahun 2025 artis indonesia tahun 2026 artis barat 2027 artis korea 2028 artis latin 2029 artis afrika.,daripada program makan siang gratis kenapa perintah tidak bikin program konser musik gratis ya di sekamuruh provinsi di indonesia tahun 2025 artis indonesia tahun 2026 artis barat 2027 artis korea 2028 artis latin 2029 artis afrika,Positive
2024-11-02 08:00:01+00:00,Polri berkomitmen untuk mendukung program Presiden Prabowo Subianto dalam rangka ketahanan pangan dan pemberian makan siang bergizi gratis. Mulai tahun ini Polri akan merekrut anggota dari lulusan sekolah pertanian hingga peternakan. Polri mendukung program pemerintah dalam https://t.co/nsYRSh7jq2,polri komitmen untuk dukung program presiden prabowo subianto dalam rangka tahan pantidakn dan beri makan siang gizi gratis mulai tahun ini polri akan rekrut anggota dari kamukamusan sekolah tani hingtidak terna polri dukung program perintah dalam,Positive
2024-10-28 02:17:05+00:00,Sulit membayangkan ending dari program makan siang gratis ini nantinya. Jutaan siswa akn mendapat program ini bagaimana ruwetnya kedepan pihak yg mengambil bagian. Sementara di sisi berbeda seorang ibu yg paham soal gizi anaknya yg tahu bagaimana pola makan terbaik anaknya https://t.co/7iWCFAdvFp,sulit bayang ending dari program makan siang gratis ini nanti juta siswa akn dapat program ini batidakimana ruwet depan pihak yang mentidakmbil bagi sementara di sisi beda orang ibu yang paham soal gizi anak yang tahu batidakimana pola makan baik anak,Negative
2024-11-01 09:00:02+00:00,Tahukah kamu SohIB? Pada 2025 Pemerintah akan meluncurkan program berupa pemberian #MakanBergiziGratis kepada masyarakat. Program ini akan dibagi dalam 2 jadwal namun tiap anak tetap menerima 1x #MakanGratis @KemensetnegRI #IndonesiaBaik #PrabowoGibran #ProgramMakanGratis https://t.co/iXPNq7tmpg,tahu kamu sohib pada 2025 perintah akan mekamuncurkan program upa beri makanbergizigratis kepada masayaarakat program ini akan bagi dalam 2 jadwal namun tiap anak tetap terima 1x makangratis indonesiabaik prabowogibran programmakangratis,Positive
2024-10-27 15:49:02+00:00,Sarapan Pagi Gratis untuk Pelajar Jakarta untuk melengkapi program Pusat Makan Siang Bergizi Graris dari Mas Pram &amp; Bang Doel #JakartaM3nang #JakartaMenyala https://t.co/ZfiPzqGBq0,sarap pagi gratis untuk pelsajar jakarta untuk lengkap program pusat makan siang gizi graris dari mas pram amp bang doel jakartam3nang jakartamenyala,Positive
2024-10-28 01:02:34+00:00,Jalankan Program Pemerintah Polda Sumsel Berikan Makan Sehat Bergizi Gratis Bagi Siswa Sekolah Dasar PALEMBANG - Program pemberian makan siang gratis sehat dan bergizi untuk siswa sekolah dasar (SD) yang digagas pemerintahan Prabowo - Gibran mulai diimplementasikan oleh Polda https://t.co/3rY5jRKMe0,jalan program perintah polda sumsel ikan makan sehat gizi gratis bagi siswa sekolah dasar palembang program beri makan siang gratis sehat dan gizi untuk siswa sekolah dasar sd yang ditidaktidaks perintah prabowo gibran mulai implementasi oleh polda,Positive
2024-10-29 11:21:46+00:00,*Program makan siang gratis : Dihujat di remehkan intinya program jelek bgt *Program sarapan pagi gratis : Dipuji dianggap program bagus intinya program terbaik. Mereka yang menghujat program Pragib adalah mereka juga yang memuji program praka. Berpolitik ga seanjing itu https://t.co/83FQBgpl0n,program makan siang gratis hujat di remeh inti program jelek banget program sarap pagi gratis puji diangtidakp program bagus inti program baik mereka yang hujat program pragib adalah mereka jutidak yang puji program praka politik tidak anjing itu,Negative
2024-10-28 02:47:15+00:00,Untuk menyelaraskan program pemerintah pusat yang memberikan makan siang gratis bagi pelajar Calon Gubernur Pramono Anung pun akan memberikan sarapan gratis bagi pelajar di Jakarta. Provinsi kaya bukan hal yang sulit untuk sekedar beri sarapan. #JakartaMenyala #JakartaM3nang https://t.co/FoEPzwwMIv,untuk selaras program perintah pusat yang beri makan siang gratis bagi pelsajar calon gubernur pramono anung pun akan beri sarap gratis bagi pelsajar di jakarta provinsi kaya bukan hal yang sulit untuk dar beri sarap jakartamenyala jakartam3nang,Positive
2024-11-01 01:33:28+00:00,@PerubahanAnies @KangManto123 Programnya kebanyakanya Free.. 1. Mulai dari Free makan Gratis untuk para korban HAM kemudian 2.keluarga Korban HAM selanjutnya kebalik lagi untuk layani bagiannya pelaku HAM semuanya giatnya itu hanya tentang GRATIS Saja lah ,program kebanyakanya free 1 mulai dari free makan gratis untuk para korban ham kemudian 2 kekamuartidak korban ham lanjut balik lagi untuk layan bagi laku ham semua giat itu hanya tentang gratis ssaja lah,Negative
2024-11-02 11:51:54+00:00,BRIN: Program Makan Bergizi Gratis miliki muatan edukasi pola hidup https://t.co/g2XQmtwvYg,brin program makan gizi gratis milik muat edukasi pola hidup,Positive
2024-10-28 09:03:57+00:00,Bersinergi dengan Program pemerintah Pusat yaitu Program Makan siang Gratis utk anak sekolah Mas Pram Bang Doel jika terpilih nanti bakal luncurin Program Sarapan Gratis utk Anak Sekolah di Jakarta. Wah Mantul bgt dah Pokoknye! #JakartaMenyala #JakartaM3nang #PramDoelMenang https://t.co/rm48Jselgw,sinergi dentidakn program perintah pusat yaitu program makan siang gratis utk anak sekolah mas pram bang doel jika pilih nanti bakal kamuncurin program sarap gratis utk anak sekolah di jakarta wah mantul banget dah pokoknye jakartamenyala jakartam3nang pramdoelmenang,Positive
2024-10-31 13:17:27+00:00,Polres Subang bersama Kodim 0605/Subang menggelar kegiatan makan siang bergizi untuk anak-anak Sekolah Dasar (SD) Negeri Sompi Kelurahan Cigadung sebagai bagian dari upaya mendukung program pemerintah dalam penyediaan makan siang gratis. https://t.co/Lm9O9gFIie,polres subang sama kodim 0605 subang gelar giat makan siang gizi untuk anak anak sekolah dasar sd negeri sompi kekamurahan citidakdung sebatidaki bagi dari upaya dukung program perintah dalam sedia makan siang gratis,Positive
2024-10-28 23:02:20+00:00,Makan siang bergizi gratis merupakan upaya pemerintah utk entaskan gizi buruk di berbagai daerah. Dgn menyediakan makanan yg bergizi scra gratis program ini membantu memastikan bahwa masyarakat dpt memenuhi kebutuhan gizinya secara lbh baik Ten Hag #ballondor Preman Nikmir https://t.co/8pX0miMe0t,makan siang gizi gratis rupa upaya perintah utk entas gizi buruk di berbatidaki daerah dgn sedia makan yang gizi scra gratis program ini bantu pasti bahwa masayaarakat dapat penuh butuh gizi cara lbh baik ten hag ballondor preman nikmir,Positive
2024-10-30 01:05:07+00:00,Di Indonesia makan siang &amp; susu gratis utk anak sekolah &amp; pesantren mjd salah satu program unggulan pemerintah Prabowo Subianto-Gibran Rakabuming Raka Program akan diterapkan mulai 1 Januati 2025 . Serangkaian uji coba tlh dilakukan utk mencari skema yg tepat utk program ini,di indonesia makan siang amp susu gratis utk anak sekolah amp pesantren mjd salah satu program unggul perintah prabowo subianto gibran rakabuming raka program akan terap mulai 1 januati 2025 rangkai uji coba tlh laku utk cari skema yang tepat utk program ini,Negative
2024-10-28 23:29:13+00:00,Program Makan siang gratis bergizi adalah upaya pemerintah utk mengentaskan gizi buruk Jika diimplementasikan dgn baik program ini juga bisa mengurangi beban pengeluaran pangan bagi keluarga kurang mampu Ten Hag #ballondor Preman Nikmir Hybe Vini Mudryk Manchester United https://t.co/T7OoGdNBKy,program makan siang gratis gizi adalah upaya perintah utk entas gizi buruk jika implementasi dgn baik program ini jutidak bisa kurang beban pengekamuaran pantidakn bagi kekamuartidak kurang mampu ten hag ballondor preman nikmir hybe vini mudariyk manchester united,Negative
2024-10-30 11:21:35+00:00,Saya kebetulan dari keluarga yang sederhana untuk itu kami akan mendukung program yang dilakukan oleh pemerintah pusat oleh Presiden Prabowo Subianto yaitu makan siang gratis maka kami akan memberikan sarapan gratis di pagi hari #03JakartaMenyala #PramonoAnung #RanoKarno https://t.co/w3wAt7ZrOE,saya betul dari kekamuartidak yang sederhana untuk itu kami akan dukung program yang laku oleh perintah pusat oleh presiden prabowo subianto yaitu makan siang gratis maka kami akan beri sarap gratis di pagi hari 03jakartamenyala pramonoanung ranokarno,Positive
2024-11-02 00:03:13+00:00,Program makan siang gratis adalah program unggulan dari Pemerintahan Prabowo Gibran dalam meningkatkan SDM Indonesia mencerdaskan anak2 bangsa menuju Indonesia Emas Dukung program pemerintah untuk Indonesia Maju Prilly Latuconsina #Bisadipegang Cipondoh #SekaliLagi Menteri https://t.co/N2uVpVmgVx,program makan siang gratis adalah program unggul dari perintah prabowo gibran dalam tingkat sdm indonesia cerdas anak2 bangsa tuju indonesia emas dukung program perintah untuk indonesia maju prilly latuconsina bisadipetidakng cipondoh sekalilagi menteri,Positive
2024-10-28 00:55:00+00:00,Sesuai janji kampanyenya Presiden Prabowo akan menjalankan program Makan siang gratis untuk anak2 sekolah dan Ibu hamil program ini akan meningkatkan SDM Indonesia juga mendorong pertumbuhan ekonomi #TimnasDay Memalukan RM Padang Wasitnya Palmer Austrália Chelsea https://t.co/APy3grjVSZ,sesuai janji kampanye presiden prabowo akan jalan program makan siang gratis untuk anak2 sekolah dan ibu hamil program ini akan tingkat sdm indonesia jutidak dorong tumbuh ekonomi timnasday memakamukan rm padang wasit palmer austr lia chelsea,Positive
2024-10-27 05:04:29+00:00,@BosPurwa https://t.co/6rlkCiJsaW Udah diprediksi Alm. Prof. Faisal Basri; iya betul sudah ini cuan gede lah bos...,udah prediksi alm prof faisal basri iya betul sudah ini cuan gede lah bos,Positive
2024-10-31 07:51:49+00:00,Program makan bergizi gratis menjadi salah satu program yang ditunggu - tunngu nih! Inisiatif yang dirancang untuk meningkatkan kesehatan dan gizi anak-anak serta ibu hamil terutama di kalangan masyarakat yang rentan atau berpenghasilan rendah. https://t.co/XWiHUsWFp5,program makan gizi gratis jadi salah satu program yang tunggu tunngu nih inisiatif yang rancang untuk tingkat sehat dan gizi anak anak serta ibu hamil utama di kalantidakn masayaarakat yang rentan atau hasil rendah,Negative
2024-10-29 07:03:18+00:00,29 Oktober 2024 H+9 Pelantikan Masih belum #makansianggratis,29 oktober 2024 h 9 lantik ma bekamum makansianggratis,Positive
2024-10-29 06:01:20+00:00,Program Makan Siang Gratis Wujudkan Gizi Seimbang #IndonesiaEmas #ProgramPresiden #PresidenPrabowo #MakanSiangGratis #KesehatanGratisUntukSemua https://t.co/rebFdf6vYg,program makan siang gratis wujud gizi imbang indonesiaemas programpresiden presidenprabowo makansianggratis kesehatangratisuntuksemua,Positive
2024-10-29 06:00:09+00:00,dr. Jovita Amelia Spesialis Konsultasi Gizi Klinik menyatakan bahwa program makan bergizi gratis harus menyediakan menu yang lengkap mencakup karbohidrat kompleks protein dan lemak baik. #IndonesiaEmas #ProgramPresiden #PresidenPrabowo #MakanSiangGratis https://t.co/tCohJpbCDK,dari jovita amelia spesialis konsultasi gizi klinik nyata bahwa program makan gizi gratis harus sedia menu yang lengkap cakup karbohidariat kompleks protein dan lemak baik indonesiaemas programpresiden presidenprabowo makansianggratis,Positive
2024-10-29 03:20:18+00:00, Berbagi Kebahagiaan Menyebar Manfaat Alhamdulillah Laju Peduli bersama para donatur kembali menyalurkan 340 porsi makanan siap saji ke Pesantren Daar El Manshur Depok dan Pondok Tahfidz Wadil Quran Tangerang Selatan. #LajuPeduli #makansianggratis #MakanSehat https://t.co/KUZFgAkdmh,bagi bahagia sebar manfaat alhamdulillah laju peduli sama para donatur kembali menyakamurkan 340 porsi makan siap saji ke pesantren daar el manshur depok dan pondok tahfidz wadil quran tangerang selatan lajupeduli makansianggratis makansehat,Positive
2024-10-28 03:59:23+00:00,28 Oktober 2024 H+8 Pelantikan Masih belum #makansianggratis,28 oktober 2024 h 8 lantik ma bekamum makansianggratis,Positive
2024-10-28 02:28:01+00:00,Antusias Masyarakat Menyambut Program Makan Siang Gratis Presiden Prabowo sangat besar dan mayoritas juga menyambut dengan baik #presidenprabowo #Makansianggratis https://t.co/awH5sEhN96,antusias masayaarakat sambut program makan siang gratis presiden prabowo santidakt besar dan mayoritas jutidak sambut dentidakn baik presidenprabowo makansianggratis,Positive
2024-10-27 11:27:39+00:00,27 Oktober 2024 H+7 Pelantikan Masih belum #makansianggratis,27 oktober 2024 h 7 lantik ma bekamum makansianggratis,Positive
2024-10-26 12:31:01+00:00,Gerak Cepat Prabowo Gibran Dalam Realisasi Makan Siang Gratis dan Bergizi Bagi Anak-Anak Indonesia. #prabowo #prabowosubianto #indonesia #presidenprabowo #indonesiaemas #makansianggratis #gibran #indonesiamaju https://t.co/GeKC8XcecM,gerak cepat prabowo gibran dalam realisasi makan siang gratis dan gizi bagi anak anak indonesia prabowo prabowosubianto indonesia presidenprabowo indonesiaemas makansianggratis gibran indonesiamaju,Negative
2024-10-26 12:10:27+00:00,Contoh hidangan menu makan siang gratis seharga 15K sudah dapat ricebowl ayam katsu dengan sayuran dan saus mayo plus dapat es teh segar. #makansianggratis #Jumatberkah https://t.co/KowXd36ctX,contoh hidantidakn menu makan siang gratis sehartidak 15k sudah dapat ricebowl ayam katsu dentidakn sayur dan saus mayo pkamus dapat es teh setidakr makansianggratis jumatberkah,Positive
2024-10-26 09:30:45+00:00,26 Oktober 2024 H+6 Pelantikan Masih belum #makansianggratis,26 oktober 2024 h 6 lantik ma bekamum makansianggratis,Positive
2024-10-26 08:40:56+00:00,Indonesia SIAP #PrabowoGibranBerdedikasi #makansianggratis https://t.co/IzsjZo3RMj,indonesia siap prabowogibranberdedikasi makansianggratis,Positive
2024-10-26 02:46:27+00:00,Polda Sumsel melaksanakan kegiatan pemberian makan siang bergizi gratis kepada siswa-siswi SD Negeri 145 Palembang. #JumatBerkah #PoldaSumsel #musi_satu #polisi_sumsel #makansianggratis #makanbergizigratis Back To Basic and Proportional. #polisiindonesia #polripresisi https://t.co/hB7gc2hi26,polda sumsel laksana giat beri makan siang gizi gratis kepada siswa siswi sd negeri 145 palembang jumatberkah poldasumsel mus satu polisi sumsel makansianggratis makanbergizigratis back to basic and proportional polisiindonesia polripresisi,Positive
2024-10-26 01:58:01+00:00,Polda Sumsel melaksanakan kegiatan pemberian makan siang bergizi gratis kepada siswa-siswi SD Negeri 145 Palembang. #JumatBerkah #PoldaSumsel #musi_satu #polisi_sumsel #makansianggratis #makanbergizigratis https://t.co/oEphzZyOda,polda sumsel laksana giat beri makan siang gizi gratis kepada siswa siswi sd negeri 145 palembang jumatberkah poldasumsel mus satu polisi sumsel makansianggratis makanbergizigratis,Positive
2024-10-25 09:10:01+00:00,https://t.co/z0vKxRXfxM Begini isi Menu Makan Siang Gratis Prabowo-Gibran Warganet Berikan Apresiasi #PresidenPrabowo #Makansianggratis #PrabowGibran #viral #AnakSekolah #MakanGratis,begini isi menu makan siang gratis prabowo gibran wartidaknet ikan apresiasi presidenprabowo makansianggratis prabowgibran viral anaksekolah makangratis,Netral
2024-10-25 08:43:26+00:00,Komitmen Pemerintahan Baru Prabowo dalam merealisasikan program makan bergizi gratis #IndonesiaEmas #ProgramPresiden #PresidenPrabowo #MakanSiangGratis https://t.co/iAEPJvl5CX,komitmen perintah baru prabowo dalam realisasi program makan gizi gratis indonesiaemas programpresiden presidenprabowo makansianggratis,Positive
2024-10-25 08:20:27+00:00,25 Oktober 2024 H+5 Pelantikan Masih belum #makansianggratis,25 oktober 2024 h 5 lantik ma bekamum makansianggratis,Positive
2024-10-25 07:23:52+00:00,Ali Khomsah Guru Besar IPB mendukung program Makan Bergizi Gratis dari Prabowo-Gibran karena pendekatan berbasis pangan ini dinilai lebih efektif untuk menurunkan angka stunting dan meningkatkan gizi anak #IndonesiaEmas #ProgramPresiden #PresidenPrabowo #MakanSiangGratis https://t.co/tZfRTPMpb6,ali khomsah guru besar ipb dukung program makan gizi gratis dari prabowo gibran karena dekat bas pantidakn ini nilai lebih efektif untuk turun angka stunting dan tingkat gizi anak indonesiaemas programpresiden presidenprabowo makansianggratis,Positive
2024-10-25 06:41:05+00:00,Mentan Siapkan Dua Skema Dukung Program Makan Siang Gratis Klik untuk baca: #jakarta #mentan #makansianggratis #makanbergizigratis https://t.co/n0Q3PnxKE7,tan siap dua skema dukung program makan siang gratis klik untuk baca jakarta tan makansianggratis makanbergizigratis,Positive
2024-10-25 02:08:01+00:00,mas mas mas cukimai gua sudah berdamai #ngidolsantai #havefun #berdamai #makansianggratis,mas mas mas cukimai gua sudah damai ngidolsantai havefun damai makansianggratis,Negative
2024-10-24 12:28:16+00:00,Pemprov Jakarta bagian 700 paket makan bergizi gratis untuk salah satu sekolah di Jakarta. Pembagian makan bergizi gratis ini dilakukan untuk mendukung program unggulan pemerintah pusat #MakanBergiziGratis #MakanSiangGratis #PemprovJakarta #PJGubernurJakarta #MetroTV https://t.co/SvEgMVnPoR,pemprov jakarta bagi 700 paket makan gizi gratis untuk salah satu sekolah di jakarta bagi makan gizi gratis ini laku untuk dukung program unggul perintah pusat makanbergizigratis makansianggratis pemprovjakarta pjgubernurjakarta metrotv,Positive
2024-10-24 08:18:33+00:00,Untuk Makan Siang Gratis kalau sendoknya dari bahan Kayu atau Bambu kayaknya menarik untuk kurangi limbah plastik. #PerubahanIklim #LimbahPlastik #MakanSiangGratis,untuk makan siang gratis kalau sendok dari bahan kayu atau bambu kayak tarik untuk kurang limbah plastik perubahaniklim limbahplastik makansianggratis,Negative
2024-10-24 07:16:23+00:00,Wakil Presiden Gibran Rakabuming Raka terus nemantau persiapan pelkasanaan makan bergizi gratis salah satu program di pemerintahannya. https://t.co/enznGrq6mA #GibranCawapres #MakanSiangGratis,wakil presiden gibran rakabuming raka terus nemantau siap pelkasanaan makan gizi gratis salah satu program di perintah gibrancawapres makansianggratis,Positive
2024-10-24 04:24:18+00:00,ANTARA - Presiden Prabowo Subianto menyebut masih ada pihak yang meragukan jalannya program makan bergizi gratis. (Yogi Rachman/Yovita Amalia/Farah Khadija) Grafis: Rachmad Janatul Pirdaus #presiden #presidenri #prabowo #prabowosubianto #makansianggratis #makanbergizigratis https://t.co/PlWWLJOYoU,antara presiden prabowo subianto sebut ma ada pihak yang ragu jalan program makan gizi gratis yogi rachman yovita amalia farah khadija grafis rachmad janatul pirdaus presiden presidenri prabowo prabowosubianto makansianggratis makanbergizigratis,Netral
2024-10-24 04:08:26+00:00,24 Oktober 2024 H+4 pelantikan Masih belum #makansianggratis,24 oktober 2024 h 4 lantik ma bekamum makansianggratis,Positive
2024-10-24 02:14:09+00:00,Sumber video: Sekretariat Presiden #presidenprabowo #prabowo #prabowosubianto #makansianggratis #makansiang #makansiangbergizi #sidangkabinet #makanbergizi,sumber video sekretariat presiden presidenprabowo prabowo prabowosubianto makansianggratis makansiang makansiangbergizi sidangkabinet makanbergizi,Positive
2024-10-23 10:00:20+00:00,23 Oktober 2024 H+3 Pelantikan Masih belum #makansianggratis,23 oktober 2024 h 3 lantik ma bekamum makansianggratis,Positive
2024-10-22 13:40:09+00:00,@irenepl1_ Done cantik! Kirain #makansianggratis awokwokwok,done cantik kirain makansianggratis awokwokwok,Netral
2024-10-22 13:31:03+00:00,Pj Gubernur DKI Jakarta bersama Wakil Presiden RI Gibran Rakabuming Raka meninjau pelaksanaan uji coba Makan Bergizi Gratis (MBG) di SDN 03 Menteng Jakarta Pusat. https://t.co/ADSXdZh0Yh #suaramerdeka #suaramerdekacom #pemprovdkijakarta #makangratis #makansianggratis #gibran https://t.co/R9owkEtIp6,pj gubernur dki jakarta sama wakil presiden ri gibran rakabuming raka tinjau laksana uji coba makan gizi gratis mbg di sdn 03 menteng jakarta pusat suaramerdeka suaramerdekacom pemprovdkijakarta makangratis makansianggratis gibran,Positive
2024-10-22 04:45:43+00:00,22 Oktober 2024 H+2 pelantikan Masih belum #makansianggratis,22 oktober 2024 h 2 lantik ma bekamum makansianggratis,Positive
2024-10-22 03:17:42+00:00,Program ini membantu mencegah masalah gizi dan stunting di kalangan anak-anak! #IndonesiaEmas #ProgramPresiden #PresidenPrabowo #MakanSiangGratis #KesehatanGratisUntukSemua https://t.co/LRtDTqQc4r,program ini bantu mencetidakh masalah gizi dan stunting di kalantidakn anak anak indonesiaemas programpresiden presidenprabowo makansianggratis kesehatangratisuntuksemua,Negative
2024-10-22 03:17:33+00:00,Satu kali makan bergizi lebih baik daripada tidak sama sekali mari dukung program ini! #IndonesiaEmas #ProgramPresiden #PresidenPrabowo #MakanSiangGratis #KesehatanGratisUntukSemua https://t.co/yknsrjhJQ4,satu kali makan gizi lebih baik daripada tidak sama sekali mari dukung program ini indonesiaemas programpresiden presidenprabowo makansianggratis kesehatangratisuntuksemua,Positive
2024-10-22 03:17:23+00:00,Frekuensi makan tiga kali sehari dukung pertumbuhan optimal bagi anak-anak! #IndonesiaEmas #ProgramPresiden #PresidenPrabowo #MakanSiangGratis #KesehatanGratisUntukSemua https://t.co/0abnc8n7dD,frekuensi makan titidak kali hari dukung tumbuh optimal bagi anak anak indonesiaemas programpresiden presidenprabowo makansianggratis kesehatangratisuntuksemua,Negative
2024-10-22 03:17:12+00:00,Makanan bergizi dengan karbohidrat protein dan lemak baik adalah kunci kesehatan! #IndonesiaEmas #ProgramPresiden #PresidenPrabowo #MakanSiangGratis #KesehatanGratisUntukSemua https://t.co/WiFCmM92Vy,makan gizi dentidakn karbohidariat protein dan lemak baik adalah kunci sehat indonesiaemas programpresiden presidenprabowo makansianggratis kesehatangratisuntuksemua,Positive
2024-10-22 03:17:00+00:00,Program Makan Siang Gratis: Menu bergizi lengkap untuk kesehatan anak dan ibu hamil! #IndonesiaEmas #ProgramPresiden #PresidenPrabowo #MakanSiangGratis #KesehatanGratisUntukSemua https://t.co/o8FIMj0gWS,program makan siang gratis menu gizi lengkap untuk sehat anak dan ibu hamil indonesiaemas programpresiden presidenprabowo makansianggratis kesehatangratisuntuksemua,Negative
2024-10-22 02:59:14+00:00,Mewujudkan gizi seimbang untuk generasi emas melalui Program Makan Siang Gratis! #IndonesiaEmas #ProgramPresiden #PresidenPrabowo #MakanSiangGratis #KesehatanGratisUntukSemua https://t.co/2NfmrAXtwf,wujud gizi imbang untuk generasi emas melakamui program makan siang gratis indonesiaemas programpresiden presidenprabowo makansianggratis kesehatangratisuntuksemua,Positive
2024-10-22 02:59:01+00:00,Dengan program ini kita jamin gizi yang cukup untuk anak-anak dan ibu menyusui! #IndonesiaEmas #ProgramPresiden #PresidenPrabowo #MakanSiangGratis #KesehatanGratisUntukSemua https://t.co/AeWxjaRYaW,dentidakn program ini kita jamin gizi yang cukup untuk anak anak dan ibu susu indonesiaemas programpresiden presidenprabowo makansianggratis kesehatangratisuntuksemua,Negative
2024-10-22 02:58:52+00:00,Dukungan untuk kesehatan masyarakat melalui makanan bergizi yang terjangkau! #IndonesiaEmas #ProgramPresiden #PresidenPrabowo #MakanSiangGratis #KesehatanGratisUntukSemua https://t.co/aaBxazdy5E,dukuntidakn untuk sehat masayaarakat melakamui makan gizi yang jangkau indonesiaemas programpresiden presidenprabowo makansianggratis kesehatangratisuntuksemua,Negative
2024-10-22 02:58:43+00:00,Menu bergizi yang dirancang oleh ahli gizi demi kesehatan dan kesejahteraan! #IndonesiaEmas #ProgramPresiden #PresidenPrabowo #MakanSiangGratis #KesehatanGratisUntukSemua https://t.co/BHknx1eJxH,menu gizi yang rancang oleh ahli gizi demi sehat dan sejahtera indonesiaemas programpresiden presidenprabowo makansianggratis kesehatangratisuntuksemua,Negative
2024-10-22 02:58:32+00:00,Ayo bersama dukung Program Makan Siang Gratis untuk masa depan yang lebih sehat! #IndonesiaEmas #ProgramPresiden #PresidenPrabowo #MakanSiangGratis #KesehatanGratisUntukSemua https://t.co/RpolhN5edD,ayo sama dukung program makan siang gratis untuk masa depan yang lebih sehat indonesiaemas programpresiden presidenprabowo makansianggratis kesehatangratisuntuksemua,Positive
2024-10-22 00:50:00+00:00,Perluas Program Prabowo Pemprov DKI Bakal Berikan Makan Bergizi Gratis ke Ibu Hamil #beritanasional #selasa #MakanSiangGratis #MakanBergiziGratis #bumillovers #bumilcantik https://t.co/JVGMhGWvoE,perkamuas program prabowo pemprov dki bakal ikan makan gizi gratis ke ibu hamil beritanasional selasa makansianggratis makanbergizigratis bumillovers bumilcantik,Netral
2024-10-21 21:55:53+00:00,Program MBG meskipun dengan satu kali makan bergizi tetap memberikan manfaat lebih baik daripada tidak sama sekali terutama dalam upaya mencegah masalah gizi dan stunting. #IndonesiaEmas #ProgramPresiden #PresidenPrabowo #MakanSiangGratis #KesehatanGratisUntukSemua https://t.co/EdGAOdEWap,program mbg meski dentidakn satu kali makan gizi tetap beri manfaat lebih baik daripada tidak sama sekali utama dalam upaya mencetidakh masalah gizi dan stunting indonesiaemas programpresiden presidenprabowo makansianggratis kesehatangratisuntuksemua,Positive
2024-10-21 16:07:54+00:00,dr. Jovita Amelia Spesialis Konsultasi Gizi Klinik menyatakan bahwa program makan bergizi gratis harus menyediakan menu yang lengkap #IndonesiaEmas #ProgramPresiden #PresidenPrabowo #MakanSiangGratis #KesehatanGratisUntukSemua https://t.co/XU0Ow4crrY,dari jovita amelia spesialis konsultasi gizi klinik nyata bahwa program makan gizi gratis harus sedia menu yang lengkap indonesiaemas programpresiden presidenprabowo makansianggratis kesehatangratisuntuksemua,Positive
2024-10-21 15:19:57+00:00,Program ini meskipun dengan satu kali makan bergizi tetap memberikan manfaat lebih baik daripada tidak sama sekali terutama dalam upaya mencegah masalah gizi dan stunting. #IndonesiaEmas #ProgramPresiden #PresidenPrabowo #MakanSiangGratis #KesehatanGratisUntukSemua https://t.co/ZlbNHRxUGA,program ini meski dentidakn satu kali makan gizi tetap beri manfaat lebih baik daripada tidak sama sekali utama dalam upaya mencetidakh masalah gizi dan stunting indonesiaemas programpresiden presidenprabowo makansianggratis kesehatangratisuntuksemua,Positive
2024-10-21 15:19:04+00:00,Menurutnya idealnya anak-anak dan ibu hamil atau menyusui perlu mengonsumsi makanan bergizi dengan frekuensi tiga kali sehari untuk mencukupi kebutuhan energi dan nutrien. #IndonesiaEmas #ProgramPresiden #PresidenPrabowo #MakanSiangGratis #KesehatanGratisUntukSemua https://t.co/nqEiFXAn2c,turut ideal anak anak dan ibu hamil atau susu kamu konsumsi makan gizi dentidakn frekuensi titidak kali hari untuk cukup butuh energi dan nutrien indonesiaemas programpresiden presidenprabowo makansianggratis kesehatangratisuntuksemua,Negative
2024-10-21 15:18:09+00:00,~ mencakup karbohidrat kompleks protein dan lemak baik. #IndonesiaEmas #ProgramPresiden #PresidenPrabowo #MakanSiangGratis #KesehatanGratisUntukSemua https://t.co/jwlvRdFC2v,cakup karbohidariat kompleks protein dan lemak baik indonesiaemas programpresiden presidenprabowo makansianggratis kesehatangratisuntuksemua,Netral
2024-10-21 14:23:07+00:00,Program Makan Bergizi Gratis Wujudkan Gizi Anak Seimbang #IndonesiaEmas #ProgramPresiden #PresidenPrabowo #MakanSiangGratis #KesehatanGratisUntukSemua https://t.co/JW6xiMlzqU,program makan gizi gratis wujud gizi anak imbang indonesiaemas programpresiden presidenprabowo makansianggratis kesehatangratisuntuksemua,Positive
2024-10-21 14:14:02+00:00,Pemprov DKI Kaji Program Makan Gizi Gratis untuk Sekolah Swasta dan Ibu Hamil @prabowo #PJGubernurDKI #TeguhSetyabudi #MakanSiangGratis https://t.co/weosafZ8fS,pemprov dki kaji program makan gizi gratis untuk sekolah swasta dan ibu hamil pjgubernurdki teguhsetyabudi makansianggratis,Positive
2024-10-21 14:00:53+00:00,Jakarta Siapkan Anggaran Makan Bergizi Gratis untuk Anak Sekolah di APBD 2025 @prabowo #PJGubernurDKI #TeguhSetyabudi #APBDJakarta #MakanSiangGratis https://t.co/DrYDdDLq36 https://t.co/eeA3Q1uxtu,jakarta siap angtidakran makan gizi gratis untuk anak sekolah di apbd 2025 pjgubernurdki teguhsetyabudi apbdjakarta makansianggratis,Positive
2024-10-21 12:41:11+00:00,Program Makan Siang Gratis Wujudkan Gizi Seimbang #PresidenPrabowo #MakanSiangGratis ___________________ FIFA | Mayor Teddy | Harvey Moeis | Sandra Dewi https://t.co/XF2x3ij1jQ,program makan siang gratis wujud gizi imbang presidenprabowo makansianggratis fifa mayor teddy harvey moeis sandaria dewi,Positive
2024-10-21 10:41:57+00:00, meskipun dengan satu kali makan bergizi tetap memberikan manfaat lebih baik daripada tidak sama sekali terutama dalam upaya mencegah masalah gizi dan stunting. #IndonesiaEmas #ProgramPresiden #PresidenPrabowo #MakanSiangGratis #KesehatanGratisUntukSemua https://t.co/JPhSPHDizm,meski dentidakn satu kali makan gizi tetap beri manfaat lebih baik daripada tidak sama sekali utama dalam upaya mencetidakh masalah gizi dan stunting indonesiaemas programpresiden presidenprabowo makansianggratis kesehatangratisuntuksemua,Positive
2024-10-21 10:41:37+00:00,idealnya anak-anak dan ibu hamil atau menyusui perlu mengonsumsi makanan bergizi dengan frekuensi tiga kali sehari untuk mencukupi kebutuhan energi dan nutrien. #IndonesiaEmas #ProgramPresiden #PresidenPrabowo #MakanSiangGratis #KesehatanGratisUntukSemua https://t.co/ArufzxlfEf,ideal anak anak dan ibu hamil atau susu kamu konsumsi makan gizi dentidakn frekuensi titidak kali hari untuk cukup butuh energi dan nutrien indonesiaemas programpresiden presidenprabowo makansianggratis kesehatangratisuntuksemua,Negative
2024-10-21 10:30:53+00:00,Gizi seimbang setiap hari! Program Makan Siang Gratis hadir untuk memastikan kesehatan generasi penerus bangsa. ️ #MakanBergiziCerdas #IndonesiaEmas #ProgramPresiden #PresidenPrabowo #MakanSiangGratis #KesehatanGratisUntukSemua https://t.co/V7kna3ySrz,gizi imbang tiap hari program makan siang gratis hadir untuk pasti sehat generasi terus bangsa makanbergizicerdas indonesiaemas programpresiden presidenprabowo makansianggratis kesehatangratisuntuksemua,Positive
2024-10-21 10:29:39+00:00,Makan siang sehat tumbuh kembang optimal! Terima kasih Program Makan Siang Gratis untuk bantu cegah masalah gizi dan stunting. #GiziSehat #IndonesiaEmas #ProgramPresiden #PresidenPrabowo #MakanSiangGratis #KesehatanGratisUntukSemua https://t.co/p6goSjmBo1,makan siang sehat tumbuh kembang optimal terima ka program makan siang gratis untuk bantu cetidakh masalah gizi dan stunting gizisehat indonesiaemas programpresiden presidenprabowo makansianggratis kesehatangratisuntuksemua,Positive
2024-10-21 10:28:35+00:00,Dengan Program Makan Siang Gratis anak-anak dan ibu hamil dapatasupan nutrisi penting untuk hidup sehat dan cerdas! #CegahStuntingBersama #IndonesiaEmas #ProgramPresiden #PresidenPrabowo #MakanSiangGratis #KesehatanGratisUntukSemua https://t.co/7CzN9Hu1or,dentidakn program makan siang gratis anak anak dan ibu hamil dapatasupan nutrisi penting untuk hidup sehat dan cerdas cetidakhstuntingbersama indonesiaemas programpresiden presidenprabowo makansianggratis kesehatangratisuntuksemua,Negative
2024-10-21 09:50:31+00:00,Makan siang gratis solusi tepat wujudkan gizi seimbang demi tumbuh kembang optimal anak. #IndonesiaEmas #ProgramPresiden #PresidenPrabowo #MakanSiangGratis #KesehatanGratisUntukSemua https://t.co/slotBK5eYp,makan siang gratis sokamusi tepat wujud gizi imbang demi tumbuh kembang optimal anak indonesiaemas programpresiden presidenprabowo makansianggratis kesehatangratisuntuksemua,Positive
2024-10-21 09:50:31+00:00,Program makan siang gratis hadir untuk wujudkan gizi seimbang dan anak-anak yang lebih sehat. #IndonesiaEmas #ProgramPresiden #PresidenPrabowo #MakanSiangGratis #KesehatanGratisUntukSemua https://t.co/slotBK5eYp,program makan siang gratis hadir untuk wujud gizi imbang dan anak anak yang lebih sehat indonesiaemas programpresiden presidenprabowo makansianggratis kesehatangratisuntuksemua,Netral
2024-10-21 09:30:00+00:00,Teguh Setyabudi Uji Coba Makan Bergizi Gratis Pertama usai Jadi Pj Gubernur Jakarta #Gubernur #beritanasional #senin #prabowofokusswasembadapangan #MakanSiangGratis #bergizi #TeguhSetyabudi https://t.co/Lqm06JdTd6,teguh setyabudi uji coba makan gizi gratis pertama usai jadi pj gubernur jakarta gubernur beritanasional senin prabowofokusswasembadapantidakn makansianggratis gizi teguhsetyabudi,Positive
2024-10-21 09:09:41+00:00,dr. Jovita Amelia Spesialis Konsultasi Gizi Klinik menyatakan program makan bergizi gratis harus menyediakan menu yang lengkap mencakup karbohidrat kompleks protein dan lemak baik. #IndonesiaEmas #ProgramPresiden #PresidenPrabowo #MakanSiangGratis #KesehatanGratisUntukSemua https://t.co/YdhlTARwOW,dari jovita amelia spesialis konsultasi gizi klinik nyata program makan gizi gratis harus sedia menu yang lengkap cakup karbohidariat kompleks protein dan lemak baik indonesiaemas programpresiden presidenprabowo makansianggratis kesehatangratisuntuksemua,Positive
2024-10-21 08:08:04+00:00,Makan Bergizi Gratis Untuk Perbaiki SDM Indonesia #IndonesiaEmas #ProgramPresiden #PresidenPrabowo #MakanSiangGratis #KesehatanGratisUntukSemua https://t.co/4JVvlAZlYw,makan gizi gratis untuk baik sdm indonesia indonesiaemas programpresiden presidenprabowo makansianggratis kesehatangratisuntuksemua,Positive
2024-10-21 07:43:59+00:00,tetap memberikan manfaat lebih baik daripada tidak sama sekali terutama dalam upaya mencegah masalah gizi dan stunting.#IndonesiaEmas #ProgramPresiden #PresidenPrabowo #MakanSiangGratis #KesehatanGratisUntukSemua https://t.co/iMJv0PSq6H,tetap beri manfaat lebih baik daripada tidak sama sekali utama dalam upaya mencetidakh masalah gizi dan stunting indonesiaemas programpresiden presidenprabowo makansianggratis kesehatangratisuntuksemua,Positive
2024-10-21 07:43:35+00:00,dr. Jovita Amelia menyatakan bahwa program makan bergizi gratis harus menyediakan menu yang lengkap mencakup karbohidrat kompleks protein dan lemak baik. #IndonesiaEmas #ProgramPresiden #PresidenPrabowo #MakanSiangGratis #KesehatanGratisUntukSemua https://t.co/JJN4fSumgg,dari jovita amelia nyata bahwa program makan gizi gratis harus sedia menu yang lengkap cakup karbohidariat kompleks protein dan lemak baik indonesiaemas programpresiden presidenprabowo makansianggratis kesehatangratisuntuksemua,Negative
2024-10-21 07:41:20+00:00,Program makan bergizi gratis harus menyediakan menu yang lengkap mencakup karbohidrat kompleks protein dan lemak baik #IndonesiaEmas #ProgramPresiden #PresidenPrabowo #MakanSiangGratis #KesehatanGratisUntukSemua https://t.co/Hpo0J5OhwS,program makan gizi gratis harus sedia menu yang lengkap cakup karbohidariat kompleks protein dan lemak baik indonesiaemas programpresiden presidenprabowo makansianggratis kesehatangratisuntuksemua,Netral
2024-10-21 07:19:25+00:00,Dampak positif makan bergizi #IndonesiaEmas #ProgramPresiden #PresidenPrabowo #MakanSiangGratis #KesehatanGratisUntukSemua https://t.co/dLtiSKj7G8,dampak positif makan gizi indonesiaemas programpresiden presidenprabowo makansianggratis kesehatangratisuntuksemua,Netral
2024-10-21 07:19:23+00:00,Satu kali makan bergizi yang lengkap lebih baik #IndonesiaEmas #ProgramPresiden #PresidenPrabowo #MakanSiangGratis #KesehatanGratisUntukSemua https://t.co/n3FkkLVWgB,satu kali makan gizi yang lengkap lebih baik indonesiaemas programpresiden presidenprabowo makansianggratis kesehatangratisuntuksemua,Netral
2024-10-21 07:19:20+00:00,Menu bergizi seimbang #IndonesiaEmas #ProgramPresiden #PresidenPrabowo #MakanSiangGratis #KesehatanGratisUntukSemua https://t.co/0AVrcezD6J,menu gizi imbang indonesiaemas programpresiden presidenprabowo makansianggratis kesehatangratisuntuksemua,Netral
2024-10-21 06:58:13+00:00,Konsumsi makanan bergizi secara teratur penting untuk mencukupi kebutuhan gizi anak-anak dan ibu hamil atau menyusui. #IndonesiaEmas #ProgramPresiden #PresidenPrabowo #MakanSiangGratis #KesehatanGratisUntukSemua https://t.co/HqzyUrM1ty,konsumsi makan gizi cara atur penting untuk cukup butuh gizi anak anak dan ibu hamil atau susu indonesiaemas programpresiden presidenprabowo makansianggratis kesehatangratisuntuksemua,Negative
2024-10-21 06:57:42+00:00,Satu kali makan bergizi yang lengkap lebih baik daripada tidak sama sekali terutama dalam mencegah stunting. #IndonesiaEmas #ProgramPresiden #PresidenPrabowo #MakanSiangGratis #KesehatanGratisUntukSemua https://t.co/BVFIFcDJLV,satu kali makan gizi yang lengkap lebih baik daripada tidak sama sekali utama dalam mencetidakh stunting indonesiaemas programpresiden presidenprabowo makansianggratis kesehatangratisuntuksemua,Netral
2024-10-21 06:57:10+00:00,Dampak positif makanan bergizi gratis sangat banyak. #IndonesiaEmas #ProgramPresiden #PresidenPrabowo #MakanSiangGratis #KesehatanGratisUntukSemua https://t.co/TjX6eNJDuL,dampak positif makan gizi gratis santidakt banyak indonesiaemas programpresiden presidenprabowo makansianggratis kesehatangratisuntuksemua,Positive
2024-10-21 06:56:53+00:00,Konsistensi gizi bagi anak dan ibu #IndonesiaEmas #ProgramPresiden #PresidenPrabowo #MakanSiangGratis #KesehatanGratisUntukSemua https://t.co/Bg1KbKnA9B,konsistensi gizi bagi anak dan ibu indonesiaemas programpresiden presidenprabowo makansianggratis kesehatangratisuntuksemua,Negative
2024-10-21 06:56:07+00:00,Program ini memberikan manfaat lebih baik dalam upaya mencegah masalah gizi dan stunting. #IndonesiaEmas #ProgramPresiden #PresidenPrabowo #MakanSiangGratis #KesehatanGratisUntukSemua https://t.co/QQf2IDEsm9,program ini beri manfaat lebih baik dalam upaya mencetidakh masalah gizi dan stunting indonesiaemas programpresiden presidenprabowo makansianggratis kesehatangratisuntuksemua,Positive
2024-10-21 06:50:07+00:00,dr. Jovita Amelia Spesialis Konsultasi menyatakan bahwa program makan bergizi gratis harus menyediakan menu yang lengkap mencakup karbohidrat kompleks protein dan lemak baik. #IndonesiaEmas #ProgramPresiden #PresidenPrabowo #MakanSiangGratis #KesehatanGratisUntukSemua https://t.co/t3OC4ZP7pH,dari jovita amelia spesialis konsultasi nyata bahwa program makan gizi gratis harus sedia menu yang lengkap cakup karbohidariat kompleks protein dan lemak baik indonesiaemas programpresiden presidenprabowo makansianggratis kesehatangratisuntuksemua,Positive
2024-10-21 06:44:20+00:00,Program Makan Siang Gratis Wujudkan Gizi Seimbang. meskipun dengan satu kali makan bergizi tetap memberikan manfaat lebih baik daripada tidak sama sekali terutama dalam upaya mencegah masalah gizi dan stunting. #IndonesiaEmas #ProgramPresiden #PresidenPrabowo #MakanSiangGratis,program makan siang gratis wujud gizi imbang meski dentidakn satu kali makan gizi tetap beri manfaat lebih baik daripada tidak sama sekali utama dalam upaya mencetidakh masalah gizi dan stunting indonesiaemas programpresiden presidenprabowo makansianggratis,Positive
2024-10-21 06:22:57+00:00,menyatakan bahwa program makan bergizi gratis harus menyediakan menu yang lengkap mencakup karbohidrat kompleks protein dan lemak baik. #IndonesiaEmas #ProgramPresiden #PresidenPrabowo #MakanSiangGratis #KesehatanGratisUntukSemua https://t.co/KRVudCUgik,nyata bahwa program makan gizi gratis harus sedia menu yang lengkap cakup karbohidariat kompleks protein dan lemak baik indonesiaemas programpresiden presidenprabowo makansianggratis kesehatangratisuntuksemua,Netral
2024-10-21 06:22:41+00:00,memberikan manfaat lebih baik daripada tidak sama sekali terutama dalam upaya mencegah masalah gizi dan stunting. #IndonesiaEmas #ProgramPresiden #PresidenPrabowo #MakanSiangGratis #KesehatanGratisUntukSemua https://t.co/t5nHpb8RJf,beri manfaat lebih baik daripada tidak sama sekali utama dalam upaya mencetidakh masalah gizi dan stunting indonesiaemas programpresiden presidenprabowo makansianggratis kesehatangratisuntuksemua,Positive
2024-10-21 05:47:28+00:00,Sudah saatnya Anda bekerja dan berkarier. ..... urusan ijazah kami solusinya #IKNNusantara #MakanSiangGratis #makanramerame #loker #lowongankerja #jasaijazah #kuliahkaryawan #pegawai #karyawan https://t.co/KPbPOyBkvK,sudah saat anda kerja dan karier urus ijazah kami sokamusinya iknnusantara makansianggratis makanramerame loker lowontidaknkerja jasaijazah kuliahkaryawan petidakwai karyawan,Positive
2024-10-21 05:35:29+00:00,Pentingnya Nutrisi Harian Untuk Anak. #IndonesiaEmas #ProgramPresiden #PresidenPrabowo #MakanSiangGratis #KesehatanGratisUntukSemua https://t.co/wiIDYbBar8,penting nutrisi hari untuk anak indonesiaemas programpresiden presidenprabowo makansianggratis kesehatangratisuntuksemua,Negative
2024-10-21 05:31:44+00:00,@tanyarlfes Dengan makan siang gratis gizi seimbang tercapai untuk generasi yang kuat dan cerdas. #IndonesiaEmas #ProgramPresiden #PresidenPrabowo #MakanSiangGratis #KesehatanGratisUntukSemua https://t.co/Tkv0maSgt2,dentidakn makan siang gratis gizi imbang capai untuk generasi yang kuat dan cerdas indonesiaemas programpresiden presidenprabowo makansianggratis kesehatangratisuntuksemua,Negative
2024-10-21 05:31:32+00:00,Dampak positif makan bergizi gratis #MakanSiangGratis https://t.co/FQcODKnhct,dampak positif makan gizi gratis makansianggratis,Positive
2024-10-21 05:31:18+00:00,Menu bergizi seimbang #MakanSiangGratis https://t.co/SCEYpHZVUq,menu gizi imbang makansianggratis,Netral
2024-10-21 05:07:25+00:00,Program Makan Siang Gratis Wujudkan Gizi Seimbang #MakanSiangGratis https://t.co/sLkPCnFMbQ,program makan siang gratis wujud gizi imbang makansianggratis,Positive
2024-10-21 04:56:22+00:00,dr. Jovita Amelia Spesialis Konsultasi Gizi Klinik menyatakan bahwa program makan bergizi gratis harus menyediakan menu yang lengkap mencakup karbohidrat kompleks protein dan lemak baik #MakanSiangGratis Taufik Hidayat Luhut Sugiono Anies PDIP BPJS Grace MARK LEE https://t.co/a04noJ1GBo,dari jovita amelia spesialis konsultasi gizi klinik nyata bahwa program makan gizi gratis harus sedia menu yang lengkap cakup karbohidariat kompleks protein dan lemak baik makansianggratis taufik hidayat kamuhut sugiono anies pdip bpjs grace mark lee,Positive
2024-10-21 04:56:00+00:00,Program Makan Siang Gratis Wujudkan Gizi Seimbang #MakanSiangGratis Taufik Hidayat Luhut Sugiono Anies PDIP BPJS Grace MARK LEE https://t.co/h5ZIuQWqtn,program makan siang gratis wujud gizi imbang makansianggratis taufik hidayat kamuhut sugiono anies pdip bpjs grace mark lee,Positive
2024-10-21 03:31:34+00:00,Disini saya akan hitung kapan makan siang gratis diadakan di tempat saya 21 Oktobet 2024 H+1 pelantikan Masih belum. #makansianggratis,sini saya akan hitung kapan makan siang gratis ada di tempat saya 21 oktobet 2024 h 1 lantik ma bekamum makansianggratis,Netral
2024-10-21 02:44:32+00:00,Akses pangan berkelanjutan bagi masyarakat rentan akan membantu menciptakan generasi sehat dan cerdas. #IndonesiaEmas #ProgramPresiden #PresidenPrabowo #MakanSiangGratis #KesehatanGratisUntukSemua https://t.co/FmOY4aoWbT,akses pantidakn lanjut bagi masayaarakat rentan akan bantu cipta generasi sehat dan cerdas indonesiaemas programpresiden presidenprabowo makansianggratis kesehatangratisuntuksemua,Negative
2024-10-21 02:44:16+00:00,Program ini tak hanya untuk sekarang tapi diharapkan jadi solusi jangka panjang bagi kesehatan generasi mendatang. #IndonesiaEmas #ProgramPresiden #PresidenPrabowo #MakanSiangGratis #KesehatanGratisUntukSemua https://t.co/oxcruRWTg4,program ini tak hanya untuk sekarang tapi harap jadi sokamusi jangka panjang bagi sehat generasi datang indonesiaemas programpresiden presidenprabowo makansianggratis kesehatangratisuntuksemua,Negative
2024-10-21 02:43:57+00:00,Makan Bergizi Gratis: Investasi dalam gizi dan kesehatan anak-anak demi masa depan Indonesia yang cerah. #IndonesiaEmas #ProgramPresiden #PresidenPrabowo #MakanSiangGratis #KesehatanGratisUntukSemua https://t.co/y2XvdoufIh,makan gizi gratis investasi dalam gizi dan sehat anak anak demi masa depan indonesia yang cerah indonesiaemas programpresiden presidenprabowo makansianggratis kesehatangratisuntuksemua,Negative
2024-10-21 02:43:44+00:00,Ali Khomsah mendukung penuh program Makan Bergizi Gratis sebagai solusi jangka panjang atasi stunting. #IndonesiaEmas #ProgramPresiden #PresidenPrabowo #MakanSiangGratis #KesehatanGratisUntukSemua https://t.co/acaGZSjhgJ,ali khomsah dukung penuh program makan gizi gratis sebatidaki sokamusi jangka panjang atas stunting indonesiaemas programpresiden presidenprabowo makansianggratis kesehatangratisuntuksemua,Positive
2024-10-21 02:43:28+00:00,Program Makan Bergizi Gratis dari Prabowo-Gibran adalah langkah nyata menuju generasi Indonesia yang lebih sehat. #IndonesiaEmas #ProgramPresiden #PresidenPrabowo #MakanSiangGratis #KesehatanGratisUntukSemua https://t.co/pTyk93XR7v,program makan gizi gratis dari prabowo gibran adalah langkah nyata tuju generasi indonesia yang lebih sehat indonesiaemas programpresiden presidenprabowo makansianggratis kesehatangratisuntuksemua,Netral
2024-10-21 01:42:46+00:00,Dengan program Makan Bergizi Gratis Indonesia berinvestasi pada kualitas sumber daya manusia yang lebih baik. #IndonesiaEmas #ProgramPresiden #PresidenPrabowo #MakanSiangGratis #KesehatanGratisUntukSemua https://t.co/FjrVkDCF4F,dentidakn program makan gizi gratis indonesia investasi pada kualitas sumber daya manusia yang lebih baik indonesiaemas programpresiden presidenprabowo makansianggratis kesehatangratisuntuksemua,Positive
2024-10-21 01:42:36+00:00,Prabowo-Gibran berkomitmen menghadirkan kesehatan untuk semua melalui akses pangan yang lebih baik dan bergizi. #IndonesiaEmas #ProgramPresiden #PresidenPrabowo #MakanSiangGratis #KesehatanGratisUntukSemua https://t.co/0sIDVdsbUJ,prabowo gibran komitmen hadir sehat untuk semua melakamui akses pantidakn yang lebih baik dan gizi indonesiaemas programpresiden presidenprabowo makansianggratis kesehatangratisuntuksemua,Netral
2024-10-21 01:42:27+00:00,Program ini menjadi kunci dalam menurunkan angka stunting dan membangun generasi Indonesia yang sehat. #IndonesiaEmas #ProgramPresiden #PresidenPrabowo #MakanSiangGratis #KesehatanGratisUntukSemua https://t.co/3c8anSRqo2,program ini jadi kunci dalam turun angka stunting dan bangun generasi indonesia yang sehat indonesiaemas programpresiden presidenprabowo makansianggratis kesehatangratisuntuksemua,Netral
2024-10-21 01:42:18+00:00,Investasi jangka panjang dalam gizi anak melalui Makan Bergizi Gratis adalah investasi masa depan Indonesia. #IndonesiaEmas #ProgramPresiden #PresidenPrabowo #MakanSiangGratis #KesehatanGratisUntukSemua https://t.co/aXZFMCrpPT,investasi jangka panjang dalam gizi anak melakamui makan gizi gratis adalah investasi masa depan indonesia indonesiaemas programpresiden presidenprabowo makansianggratis kesehatangratisuntuksemua,Positive
2024-10-21 01:42:09+00:00,Makan Bergizi Gratis: Solusi tepat untuk perbaikan gizi anak dan kesehatan bangsa di bawah kepemimpinan Prabowo-Gibran. #IndonesiaEmas #ProgramPresiden #PresidenPrabowo #MakanSiangGratis #KesehatanGratisUntukSemua https://t.co/AevvM0LJeI,makan gizi gratis sokamusi tepat untuk baik gizi anak dan sehat bangsa di bawah pimpin prabowo gibran indonesiaemas programpresiden presidenprabowo makansianggratis kesehatangratisuntuksemua,Netral
2024-10-21 00:28:30+00:00,Ali menekankan pentingnya investasi jangka panjang dalam gizi dan sumber daya manusia untuk memperbaiki kesehatan generasi mendatang. #IndonesiaEmas #ProgramPresiden #PresidenPrabowo #MakanSiangGratis #KesehatanGratisUntukSemua https://t.co/VDAd3NKak4,ali tekan penting investasi jangka panjang dalam gizi dan sumber daya manusia untuk baik sehat generasi datang indonesiaemas programpresiden presidenprabowo makansianggratis kesehatangratisuntuksemua,Positive
2024-10-21 00:27:29+00:00,~ dan diharapkan tidak hanya berlaku dalam lima tahun tetapi terus dilanjutkan oleh pemerintahan selanjutnya. #IndonesiaEmas #ProgramPresiden #PresidenPrabowo #MakanSiangGratis #KesehatanGratisUntukSemua https://t.co/mz9IQXaYKt,dan harap tidak hanya laku dalam lima tahun tetapi terus lanjut oleh perintah lanjut indonesiaemas programpresiden presidenprabowo makansianggratis kesehatangratisuntuksemua,Negative
2024-10-21 00:26:24+00:00,Program ini memberikan akses pangan berkelanjutan bagi masyarakat rentan ~ #IndonesiaEmas #ProgramPresiden #PresidenPrabowo #MakanSiangGratis #KesehatanGratisUntukSemua https://t.co/sRvILOrcN2,program ini beri akses pantidakn lanjut bagi masayaarakat rentan indonesiaemas programpresiden presidenprabowo makansianggratis kesehatangratisuntuksemua,Netral
2024-10-21 00:25:09+00:00,Ali Khomsah Guru Besar IPB mendukung program Makan Bergizi Gratis karena pendekatan berbasis pangan ini dinilai lebih efektif untuk menurunkan angka stunting dan meningkatkan gizi anak #IndonesiaEmas #ProgramPresiden #PresidenPrabowo #MakanSiangGratis #KesehatanGratisUntukSemua https://t.co/2oZnTFV1rs,ali khomsah guru besar ipb dukung program makan gizi gratis karena dekat bas pantidakn ini nilai lebih efektif untuk turun angka stunting dan tingkat gizi anak indonesiaemas programpresiden presidenprabowo makansianggratis kesehatangratisuntuksemua,Positive
2024-10-21 00:23:22+00:00,Program Makan Siang Gratis Wujudkan Generasi Sehat di Masa Depan #IndonesiaEmas #ProgramPresiden #PresidenPrabowo #MakanSiangGratis #KesehatanGratisUntukSemua https://t.co/QWmwDxEzSy,program makan siang gratis wujud generasi sehat di masa depan indonesiaemas programpresiden presidenprabowo makansianggratis kesehatangratisuntuksemua,Positive
2024-10-20 20:50:30+00:00,Program MBG memberikan akses pangan berkelanjutan bagi masyarakat rentan dan diharapkan tidak hanya berlaku dalam lima tahun tetapi terus dilanjutkan oleh pemerintahan selanjutnya. #IndonesiaEmas #ProgramPresiden #PresidenPrabowo #MakanSiangGratis #KesehatanGratisUntukSemua https://t.co/Bp2ZN5dCrP,program mbg beri akses pantidakn lanjut bagi masayaarakat rentan dan harap tidak hanya laku dalam lima tahun tetapi terus lanjut oleh perintah lanjut indonesiaemas programpresiden presidenprabowo makansianggratis kesehatangratisuntuksemua,Negative
2024-10-20 18:34:04+00:00,Ali Khomsah Guru Besar IPB mendukung program Makan Bergizi Gratis dari Prabowo-Gibran karena pendekatan berbasis pangan ini dinilai lebih efektif #IndonesiaEmas #ProgramPresiden #PresidenPrabowo #MakanSiangGratis #KesehatanGratisUntukSemua https://t.co/4hF7SPXSjt,ali khomsah guru besar ipb dukung program makan gizi gratis dari prabowo gibran karena dekat bas pantidakn ini nilai lebih efektif indonesiaemas programpresiden presidenprabowo makansianggratis kesehatangratisuntuksemua,Positive
2024-10-20 15:44:17+00:00,Prabowo-Gibran hadir dengan solusi untuk masa depan yang lebih sehat: program makan bergizi gratis. Anak sehat masa depan cerah! #PrabowoGibran #NutrisiUntukBangsa #IndonesiaEmas #ProgramPresiden #PresidenPrabowo #MakanSiangGratis #KesehatanGratisUntukSemua https://t.co/89P7ZOznDr,prabowo gibran hadir dentidakn sokamusi untuk masa depan yang lebih sehat program makan gizi gratis anak sehat masa depan cerah prabowogibran nutrisiuntukbangsa indonesiaemas programpresiden presidenprabowo makansianggratis kesehatangratisuntuksemua,Netral
2024-10-20 15:43:56+00:00,Program makan siang gratis dari Prabowo-Gibran adalah investasi jangka panjang untuk generasi sehat dan bebas stunting! Mari dukung program ini untuk masa depan kita semua! #PrabowoGibran #GenerasiSehat #IndonesiaEmas #PresidenPrabowo #MakanSiangGratis https://t.co/xAZZhVYoy5,program makan siang gratis dari prabowo gibran adalah investasi jangka panjang untuk generasi sehat dan bebas stunting mari dukung program ini untuk masa depan kita semua prabowogibran generasisehat indonesiaemas presidenprabowo makansianggratis,Netral
2024-10-20 15:42:48+00:00,Ali Khomsah dari IPB mendukung penuh program makan bergizi gratis Prabowo-Gibran untuk wujudkan Indonesia sehat dan kuat! Anak-anak sehat bangsa kuat! #PrabowoGibran #IndonesiaSehat #IndonesiaEmas #PresidenPrabowo #MakanSiangGratis #KesehatanGratisUntukSemua https://t.co/Bs50LvTkhz,ali khomsah dari ipb dukung penuh program makan gizi gratis prabowo gibran untuk wujud indonesia sehat dan kuat anak anak sehat bangsa kuat prabowogibran indonesiasehat indonesiaemas presidenprabowo makansianggratis kesehatangratisuntuksemua,Netral
2024-10-20 15:42:24+00:00,Makanan bergizi untuk masa depan yang lebih sehat! Prabowo-Gibran berkomitmen menurunkan stunting dan meningkatkan kualitas gizi untuk anak-anak Indonesia! #PrabowoGibran #GenerasiSehat #IndonesiaEmas #PresidenPrabowo #MakanSiangGratis #KesehatanGratisUntukSemua https://t.co/4X4eac8xlr,makan gizi untuk masa depan yang lebih sehat prabowo gibran komitmen turun stunting dan tingkat kualitas gizi untuk anak anak indonesia prabowogibran generasisehat indonesiaemas presidenprabowo makansianggratis kesehatangratisuntuksemua,Netral
2024-10-20 12:16:41+00:00,Program Makan Siang bergizi gratis Wujudkan Generasi Sehat di Masa Depan #IndonesiaEmas #ProgramPresiden #PresidenPrabowo #MakanSiangGratis #KesehatanGratisUntukSemua https://t.co/71Usq1pIOt,program makan siang gizi gratis wujud generasi sehat di masa depan indonesiaemas programpresiden presidenprabowo makansianggratis kesehatangratisuntuksemua,Positive
2024-10-20 10:53:18+00:00,Diharapkan program ini berlanjut tidak hanya dalam lima tahun tetapi juga oleh pemerintahan selanjutnya. #IndonesiaEmas #ProgramPresiden #PresidenPrabowo #MakanSiangGratis #KesehatanGratisUntukSemua https://t.co/tskGfx7z0Y,harap program ini lanjut tidak hanya dalam lima tahun tetapi jutidak oleh perintah lanjut indonesiaemas programpresiden presidenprabowo makansianggratis kesehatangratisuntuksemua,Negative
2024-10-20 10:53:01+00:00,Program ini bertujuan memberikan akses pangan berkelanjutan bagi masyarakat rentan. #IndonesiaEmas #ProgramPresiden #PresidenPrabowo #MakanSiangGratis #KesehatanGratisUntukSemua https://t.co/e2hJKfGkf2,program ini tuju beri akses pantidakn lanjut bagi masayaarakat rentan indonesiaemas programpresiden presidenprabowo makansianggratis kesehatangratisuntuksemua,Netral
2024-10-20 10:52:26+00:00,Pendekatan berbasis pangan dianggap lebih efektif untuk menurunkan angka stunting dan meningkatkan gizi anak. #IndonesiaEmas #ProgramPresiden #PresidenPrabowo #MakanSiangGratis #KesehatanGratisUntukSemua https://t.co/XuhvdgYBcB,dekat bas pantidakn diangtidakp lebih efektif untuk turun angka stunting dan tingkat gizi anak indonesiaemas programpresiden presidenprabowo makansianggratis kesehatangratisuntuksemua,Positive
2024-10-20 10:21:24+00:00,Ini Meningkatkan Konsentrasi dan Prestasi Belajar #IndonesiaEmas #ProgramPresiden #PresidenPrabowo #MakanSiangGratis #KesehatanGratisUntukSemua https://t.co/URLhprIPRa,ini tingkat konsentrasi dan prestasi belsajar indonesiaemas programpresiden presidenprabowo makansianggratis kesehatangratisuntuksemua,Positive
2024-10-20 10:21:23+00:00,Program makan siang gratis bikin Nutrisi Terjamin untuk Anak Bangsa #IndonesiaEmas #ProgramPresiden #PresidenPrabowo #MakanSiangGratis #KesehatanGratisUntukSemua https://t.co/j63uQNAOqs,program makan siang gratis bikin nutrisi jamin untuk anak bangsa indonesiaemas programpresiden presidenprabowo makansianggratis kesehatangratisuntuksemua,Negative
2024-10-20 10:06:16+00:00,MBG mempersiapkan generasi sehat masa depan #IndonesiaEmas #ProgramPresiden #PresidenPrabowo #MakanSiangGratis #KesehatanGratisUntukSemua https://t.co/6gSR4tAN0b,mbg siap generasi sehat masa depan indonesiaemas programpresiden presidenprabowo makansianggratis kesehatangratisuntuksemua,Netral
2024-10-20 10:06:11+00:00,Efektivitas program untuk menurunkan stunting #IndonesiaEmas #ProgramPresiden #PresidenPrabowo #MakanSiangGratis #KesehatanGratisUntukSemua https://t.co/RoFZAUOeFv,efektivitas program untuk turun stunting indonesiaemas programpresiden presidenprabowo makansianggratis kesehatangratisuntuksemua,Netral
2024-10-20 10:06:06+00:00,MBG investasi jangka panjang untuk gizi anak #IndonesiaEmas #ProgramPresiden #PresidenPrabowo #MakanSiangGratis #KesehatanGratisUntukSemua https://t.co/s3oHukeM9d,mbg investasi jangka panjang untuk gizi anak indonesiaemas programpresiden presidenprabowo makansianggratis kesehatangratisuntuksemua,Positive
2024-10-20 10:06:02+00:00,MBG mewujudkan akses pangan berkelanjutan #IndonesiaEmas #ProgramPresiden #PresidenPrabowo #MakanSiangGratis #KesehatanGratisUntukSemua https://t.co/r055UaRZm3,mbg wujud akses pantidakn lanjut indonesiaemas programpresiden presidenprabowo makansianggratis kesehatangratisuntuksemua,Positive
2024-10-20 09:10:24+00:00,Sudaryono Wakil Menteri Pertanian : Pemerintah telah bekerja sama dengan 46 perusahaan untuk mendatangkan 1 3 juta ekor sapi guna mendukung program Makan Bergizi Gratis pada 2025. #IndonesiaEmas #ProgramPresiden #PresidenPrabowo #MakanSiangGratis #KesehatanGratisUntukSemua,sudaryono wakil menteri tani perintah telah kerja sama dentidakn 46 usaha untuk datang 1 3 juta ekor sapi guna dukung program makan gizi gratis pada 2025 indonesiaemas programpresiden presidenprabowo makansianggratis kesehatangratisuntuksemua,Positive
2024-10-20 09:10:16+00:00,Pemerintah menyiapkan lahan seluas 1 juta hektar untuk memelihara sapi tersebut. Program ini bertujuan untuk memenuhi kebutuhan susu dan daging di dalam negeri. #IndonesiaEmas #ProgramPresiden #PresidenPrabowo #MakanSiangGratis #KesehatanGratisUntukSemua,perintah siap lahan sekamuas 1 juta hektar untuk pelihara sapi sebut program ini tuju untuk penuh butuh susu dan daging di dalam negeri indonesiaemas programpresiden presidenprabowo makansianggratis kesehatangratisuntuksemua,Positive
2024-10-20 09:10:01+00:00,Program Makan Siang Gratis untuk Generasi Indonesia Emas #IndonesiaEmas #ProgramPresiden #PresidenPrabowo #MakanSiangGratis #KesehatanGratisUntukSemua,program makan siang gratis untuk generasi indonesia emas indonesiaemas programpresiden presidenprabowo makansianggratis kesehatangratisuntuksemua,Netral
2024-10-20 09:09:54+00:00,Program Makan Siang Gratis sebagai Kolaborasi Sehat untuk Masa Depan Anak Bangsa #IndonesiaEmas #ProgramPresiden #PresidenPrabowo #MakanSiangGratis #KesehatanGratisUntukSemua,program makan siang gratis sebatidaki kolaborasi sehat untuk masa depan anak bangsa indonesiaemas programpresiden presidenprabowo makansianggratis kesehatangratisuntuksemua,Netral
2024-10-20 09:07:45+00:00,@news_ardi Makan siang gratis untuk generasi sehat! Program Prabowo-Gibran akan ciptakan masa depan yang lebih baik. ️ #MakanSiangGratis ,makan siang gratis untuk generasi sehat program prabowo gibran akan cipta masa depan yang lebih baik makansianggratis,Netral
2024-10-20 08:27:40+00:00,Ali Khomsah Guru Besar IPB mendukung program Makan Bergizi Gratis dari Prabowo-Gibran karena pendekatan berbasis pangan ini dinilai lebih efektif untuk menurunkan angka stunting #IndonesiaEmas #ProgramPresiden #PresidenPrabowo #MakanSiangGratis #KesehatanGratisUntukSemua,ali khomsah guru besar ipb dukung program makan gizi gratis dari prabowo gibran karena dekat bas pantidakn ini nilai lebih efektif untuk turun angka stunting indonesiaemas programpresiden presidenprabowo makansianggratis kesehatangratisuntuksemua,Positive
2024-10-20 08:22:39+00:00,Guru Besar IPB mendukung program Makan Bergizi Gratis dari Prabowo-Gibran karena pendekatan berbasis pangan ini dinilai lebih efektif untuk menurunkan angka stunting #IndonesiaEmas #ProgramPresiden #PresidenPrabowo #MakanSiangGratis #KesehatanGratisUntukSemua https://t.co/7FIA6ul2yj,guru besar ipb dukung program makan gizi gratis dari prabowo gibran karena dekat bas pantidakn ini nilai lebih efektif untuk turun angka stunting indonesiaemas programpresiden presidenprabowo makansianggratis kesehatangratisuntuksemua,Positive
2024-10-20 08:14:19+00:00,Dukungan program Makan Bergizi Gratis dari Prabowo-Gibran karena pendekatan berbasis pangan ini dinilai lebih efektif untuk menurunkan angka stunting dan meningkatkan gizi anak #IndonesiaEmas #ProgramPresiden #PresidenPrabowo #MakanSiangGratis #KesehatanGratisUntukSemua https://t.co/4cCDK57Ghr,dukuntidakn program makan gizi gratis dari prabowo gibran karena dekat bas pantidakn ini nilai lebih efektif untuk turun angka stunting dan tingkat gizi anak indonesiaemas programpresiden presidenprabowo makansianggratis kesehatangratisuntuksemua,Positive
2024-10-20 08:08:59+00:00,Ali Khomsah Guru Besar IPB mendukung program Makan Bergizi Gratis dari Prabowo-Gibran #IndonesiaEmas #ProgramPresiden #PresidenPrabowo #MakanSiangGratis #KesehatanGratisUntukSemua https://t.co/o7jNeAfo6X,ali khomsah guru besar ipb dukung program makan gizi gratis dari prabowo gibran indonesiaemas programpresiden presidenprabowo makansianggratis kesehatangratisuntuksemua,Positive
2024-10-20 08:03:03+00:00,Program ini memberikan akses pangan berkelanjutan bagi masyarakat rentan dan diharapkan tidak hanya berlaku dalam lima tahun tetapi terus dilanjutkan oleh pemerintahan selanjutnya. #IndonesiaEmas #ProgramPresiden #PresidenPrabowo #MakanSiangGratis #KesehatanGratisUntukSemua https://t.co/lf0EbuLSp3,program ini beri akses pantidakn lanjut bagi masayaarakat rentan dan harap tidak hanya laku dalam lima tahun tetapi terus lanjut oleh perintah lanjut indonesiaemas programpresiden presidenprabowo makansianggratis kesehatangratisuntuksemua,Negative
2024-10-20 08:02:38+00:00,program Makan Bergizi Gratis dari Prabowo-Gibran karena pendekatan berbasis pangan ini dinilai lebih efektif untuk menurunkan angka stunting dan meningkatkan gizi anak. #IndonesiaEmas #ProgramPresiden #PresidenPrabowo #MakanSiangGratis #KesehatanGratisUntukSemua https://t.co/D1sLKmEBnv,program makan gizi gratis dari prabowo gibran karena dekat bas pantidakn ini nilai lebih efektif untuk turun angka stunting dan tingkat gizi anak indonesiaemas programpresiden presidenprabowo makansianggratis kesehatangratisuntuksemua,Positive
2024-10-20 07:51:58+00:00,Ali Khomsah Guru Besar IPB mendukung program Makan Bergizi Gratis dari Prabowo-Gibran karena pendekatan berbasis pangan ini dinilai lebih efektif untuk menurunkan angka stunting dan meningkatkan gizi anak. #PresidenPrabowo #MakanSiangGratis #KesehatanGratisUntukSemua https://t.co/ySnQzvJfTy,ali khomsah guru besar ipb dukung program makan gizi gratis dari prabowo gibran karena dekat bas pantidakn ini nilai lebih efektif untuk turun angka stunting dan tingkat gizi anak presidenprabowo makansianggratis kesehatangratisuntuksemua,Positive
2024-10-20 07:50:12+00:00,Tingkatkan Kualitas GIZI Generasi Muda #IndonesiaEmas #ProgramPresiden #PresidenPrabowo #MakanSiangGratis #KesehatanGratisUntukSemua https://t.co/b6OSZzso6o,tingkat kualitas gizi generasi muda indonesiaemas programpresiden presidenprabowo makansianggratis kesehatangratisuntuksemua,Netral
2024-10-20 07:48:37+00:00,Bersama #PresidenPrabowo kita wujudkan #IndonesiaEmas! Dengan #MakanSiangGratis bagi anak-anak dan #KesehatanGratisUntukSemua mari bangun Indonesia yang lebih sehat dan sejahtera! #ProgramPresiden https://t.co/zeRfgI3y53,sama presidenprabowo kita wujud indonesiaemas dentidakn makansianggratis bagi anak anak dan kesehatangratisuntuksemua mari bangun indonesia yang lebih sehat dan sejahtera programpresiden,Netral
2024-10-20 07:23:08+00:00,dukung program Makan Bergizi Gratis dari Prabowo-Gibran karena pendekatan berbasis pangan ini dinilai lebih efektif #IndonesiaEmas #ProgramPresiden #PresidenPrabowo #MakanSiangGratis #KesehatanGratisUntukSemua https://t.co/chBBOjM6Ku,dukung program makan gizi gratis dari prabowo gibran karena dekat bas pantidakn ini nilai lebih efektif indonesiaemas programpresiden presidenprabowo makansianggratis kesehatangratisuntuksemua,Positive
2024-10-20 07:06:19+00:00,Program ini memberikan akses pangan berkelanjutan bagi masyarakat rentan dan diharapkan tidak hanya berlaku dalam lima tahun tetapi terus dilanjutkan oleh pemerintahan selanjutnya #IndonesiaEmas #ProgramPresiden #PresidenPrabowo #MakanSiangGratis https://t.co/amBqh0aEfO,program ini beri akses pantidakn lanjut bagi masayaarakat rentan dan harap tidak hanya laku dalam lima tahun tetapi terus lanjut oleh perintah lanjut indonesiaemas programpresiden presidenprabowo makansianggratis,Negative
2024-10-20 06:53:04+00:00,Program Makan Bergizi Gratis dari Prabowo-Gibran efektif untuk menurunkan angka stunting dan meningkatkan gizi anak. #IndonesiaEmas #ProgramPresiden #PresidenPrabowo #MakanSiangGratis #KesehatanGratisUntukSemua https://t.co/XobYedGxVS,program makan gizi gratis dari prabowo gibran efektif untuk turun angka stunting dan tingkat gizi anak indonesiaemas programpresiden presidenprabowo makansianggratis kesehatangratisuntuksemua,Positive
2024-10-20 06:52:56+00:00,Pentingnya investasi jangka panjang dalam gizi dan sumber daya manusia untuk memperbaiki kesehatan generasi mendatang. #IndonesiaEmas #ProgramPresiden #PresidenPrabowo #MakanSiangGratis #KesehatanGratisUntukSemua https://t.co/d2cFTKfYOs,penting investasi jangka panjang dalam gizi dan sumber daya manusia untuk baik sehat generasi datang indonesiaemas programpresiden presidenprabowo makansianggratis kesehatangratisuntuksemua,Positive
2024-10-20 06:18:52+00:00,Program Makan Siang Bergizi Gratis #IndonesiaEmas #ProgramPresiden #PresidenPrabowo #MakanSiangGratis #KesehatanGratisUntukSemua https://t.co/7qTuKvB5Ty,program makan siang gizi gratis indonesiaemas programpresiden presidenprabowo makansianggratis kesehatangratisuntuksemua,Positive
2024-10-20 06:15:03+00:00,Program keren turunkan Stunting #IndonesiaEmas #ProgramPresiden #PresidenPrabowo #MakanSiangGratis #KesehatanGratisUntukSemua https://t.co/TaUnvUusFv,program keren turun stunting indonesiaemas programpresiden presidenprabowo makansianggratis kesehatangratisuntuksemua,Netral
2024-10-20 06:15:02+00:00,Generasi dengan Gizi yang baik buat hari ini dan kedepannya! #IndonesiaEmas #ProgramPresiden #PresidenPrabowo #MakanSiangGratis #KesehatanGratisUntukSemua https://t.co/iW8HWoltz9,generasi dentidakn gizi yang baik buat hari ini dan depan indonesiaemas programpresiden presidenprabowo makansianggratis kesehatangratisuntuksemua,Negative
2024-10-20 06:07:54+00:00,MBG invensta jangka panjang untuk gizi anak #IndonesiaEmas #ProgramPresiden #PresidenPrabowo #MakanSiangGratis #KesehatanGratisUntukSemua https://t.co/Qu2alYPeFW,mbg invensta jangka panjang untuk gizi anak indonesiaemas programpresiden presidenprabowo makansianggratis kesehatangratisuntuksemua,Positive
2024-10-20 06:07:54+00:00,Efekvifitas program untuk menurunkan stunting #IndonesiaEmas #ProgramPresiden #PresidenPrabowo #MakanSiangGratis #KesehatanGratisUntukSemua https://t.co/eQHKcuSQPC,efekvifitas program untuk turun stunting indonesiaemas programpresiden presidenprabowo makansianggratis kesehatangratisuntuksemua,Netral
2024-10-20 05:49:36+00:00,MBG mempersiapkan generasi sehat masa depan #MakanSiangGratis https://t.co/udb2D7zAB1,mbg siap generasi sehat masa depan makansianggratis,Netral
2024-10-20 05:49:15+00:00,Efektivitas program untuk menurunkan stunting #MakanSiangGratis https://t.co/4fVcaP0wIO,efektivitas program untuk turun stunting makansianggratis,Netral
2024-10-20 05:38:14+00:00,Program makan siang gratis memberikan akses pangan berkelanjutan bagi masyarakat rentan #IndonesiaEmas #ProgramPresiden #PresidenPrabowo #MakanSiangGratis #KesehatanGratisUntukSemua #かぼちゃ大作戦シルエットクイズ #DOMELIVE_Atlantis https://t.co/QtotSvlBdt,program makan siang gratis beri akses pantidakn lanjut bagi masayaarakat rentan indonesiaemas programpresiden presidenprabowo makansianggratis kesehatangratisuntuksemua domelive atlantis,Positive
2024-10-20 05:38:04+00:00,Ali Khomsah Guru Besar IPB mendukung program Makan Bergizi Gratis dari Prabowo-Gibran #IndonesiaEmas #ProgramPresiden #PresidenPrabowo #MakanSiangGratis #KesehatanGratisUntukSemua #かぼちゃ大作戦シルエットクイズ #DOMELIVE_Atlantis https://t.co/hoWcXMgN1x,ali khomsah guru besar ipb dukung program makan gizi gratis dari prabowo gibran indonesiaemas programpresiden presidenprabowo makansianggratis kesehatangratisuntuksemua domelive atlantis,Positive
2024-10-20 05:30:21+00:00,Ali Khomsah Guru Besar IPB mendukung program Makan Bergizi Gratis dari Prabowo-Gibran karena pendekatan berbasis pangan ini dinilai lebih efektif untuk menurunkan angka stunting dan meningkatkan gizi anak #MakanSiangGratis https://t.co/jLmfuSVZc0,ali khomsah guru besar ipb dukung program makan gizi gratis dari prabowo gibran karena dekat bas pantidakn ini nilai lebih efektif untuk turun angka stunting dan tingkat gizi anak makansianggratis,Positive
2024-10-20 05:29:49+00:00,Program Makan Siang Gratis Wujudkan Generasi Sehat di Masa Depan #MakanSiangGratis https://t.co/WsujjApTha,program makan siang gratis wujud generasi sehat di masa depan makansianggratis,Positive
2024-10-20 05:20:07+00:00,Dukung program Makan Bergizi Gratis dari Prabowo-Gibran karena pendekatan berbasis pangan ini dinilai lebih efektif untuk menurunkan angka stunting dan meningkatkan gizi anak. #IndonesiaEmas #ProgramPresiden #PresidenPrabowo #MakanSiangGratis #KesehatanGratisUntukSemua https://t.co/s73dlaZmZr,dukung program makan gizi gratis dari prabowo gibran karena dekat bas pantidakn ini nilai lebih efektif untuk turun angka stunting dan tingkat gizi anak indonesiaemas programpresiden presidenprabowo makansianggratis kesehatangratisuntuksemua,Positive
2024-10-20 05:14:50+00:00,Guru Besar IPB mendukung program Makan Bergizi Gratis dari Prabowo-Gibran karena pendekatan berbasis pangan ini dinilai lebih efektif menurunkan angka stunting anak #MakanSiangGratis Presiden bingxue #GalaxyA06 Samsung Knox Vault #AustralianGP no 3 nk-sta https://t.co/CGwXGYt094,guru besar ipb dukung program makan gizi gratis dari prabowo gibran karena dekat bas pantidakn ini nilai lebih efektif turun angka stunting anak makansianggratis presiden bingxue tidaklaxya06 samsung knox vault australiangp no 3 nk sta,Positive
2024-10-20 05:13:58+00:00,Program Makan Siang Gratis Wujudkan Generasi Sehat di Masa Depan #MakanSiangGratis Presiden bingxue #GalaxyA06 Samsung Knox Vault #AustralianGP no 3 nk-sta https://t.co/D3eX1LoMXI,program makan siang gratis wujud generasi sehat di masa depan makansianggratis presiden bingxue tidaklaxya06 samsung knox vault australiangp no 3 nk sta,Positive
2024-10-20 01:55:16+00:00,️ Makan Siang Gratis! Ini salah satu janji yang bikin heboh! Makan siang gratis buat anak-anak SD &amp; SMP se-Indonesia. Nggak cuma bantuin orang tua tapi juga biar anak-anak kita lebih sehat &amp; fokus belajar. Udah nggak sabar nunggu nih! #MakanSiangGratis sumber: pidato Prabowo,makan siang gratis ini salah satu janji yang bikin heboh makan siang gratis buat anak anak sd amp smp se indonesia ngtidak cuma bantuin orang tua tapi jutidak biar anak anak kita lebih sehat amp fokus belsajar udah ngtidak sabar nunggu nih makansianggratis sumber pidato prabowo,Negative
2024-10-20 01:17:20+00:00,Kesiapan Program Makan Siang Gratis Pemerintahan Prabowo #IndonesiaEmas #ProgramPresiden #PresidenPrabowo #MakanSiangGratis #KesehatanGratisUntukSemua https://t.co/Z3wPn6vIHX,kesiap program makan siang gratis perintah prabowo indonesiaemas programpresiden presidenprabowo makansianggratis kesehatangratisuntuksemua,Positive
2024-10-20 00:46:41+00:00,Kesiapan Program Makan Siang Gratis Pemerintahan Prabowo #PresidenPrabowo #MakanSiangGratis ___________________ Irish Bella | Jorji https://t.co/ULljEihWDR,kesiap program makan siang gratis perintah prabowo presidenprabowo makansianggratis irish bella jorji,Positive
2024-11-04 06:33:15+00:00,Polres Lubuk Linggau mengadakan kegiatan Jum at Berkah yang kali ini menyasar siswa-siswi SDN 48 Kota Lubuk Linggau. #makansianggratis #makansiangbergizi https://t.co/drlZNlOrFO,polres kamubuk lingtidaku mentidakdakan giat jum at berkah yang kali ini sasar siswa siswi sdn 48 kota kamubuk lingtidaku makansianggratis makansiangbergizi,Netral
2024-11-03 15:54:28+00:00,03 November 2024 H+14 pelantikan Masih belum #makansianggratis,03 november 2024 h 14 lantik ma bekamum makansianggratis,Positive
2024-11-03 08:47:27+00:00,Wapres Akan Kunjungan ke Kalimantan Tengah guna meninjau penyaluran makan siang gratis #MakanSiangGratis #ProgramMakanSiangGratis https://t.co/9CXahsuveX,wapres akan kunjuntidakn ke kalimantan tentidakh guna tinjau penyakamuran makan siang gratis makansianggratis programmakansianggratis,Positive
2024-11-02 04:32:05+00:00,Mulia-PAS Uji Coba Program Makanan Bergizi Gratis di SMK Widharba Buleleng untuk Cegah Stunting 𝘽𝙖𝙘𝙖 𝙎𝙚𝙡𝙚𝙣𝙜𝙠𝙖𝙥𝙣𝙮𝙖 𝙢𝙚𝙡𝙖𝙡𝙪𝙞 𝙇𝙞𝙣𝙠 : https://t.co/QOyInM22vP #ujicoba #buleleng #smkkesehatan #makansianggratis #muliapas #koranbaliexpress #jawapos https://t.co/rWlobY0VR8,mulia pas uji coba program makan gizi gratis di smk widharba buleleng untuk cetidakh stunting ujicoba buleleng smkkesehatan makansianggratis muliapas koranbaliexpress jawapos,Positive
2024-11-02 03:41:36+00:00,02 November 2024 H+13 Pelantikan Masih belum #makansianggratis,02 november 2024 h 13 lantik ma bekamum makansianggratis,Positive
2024-11-01 16:34:51+00:00,@Muslim_AntiPKI9 Pasti ujung2 nya dapat #makansianggratis dong ya.. Jgn lupa beli nasi padang ya.. hrg cm Rp 10 rb klu mau nambah lauk yg jd 20 rb aja.. kuat ngak tuh sponsor nya.. ,pasti ujung2 nya dapat makansianggratis ya jgn kamupa beli nasi padang ya hrg cm rp 10 rb kkamu ingin nambah lauk yang jd 20 rb saja kuat ntidak tuh sponsor nya,Positive
2024-10-21 08:46:37+00:00,Program MBG Harus Mengandung Karbohidrat Kompleks. #IndonesiaEmas #ProgramPresiden #PresidenPrabowo #MakanSiangGratis #KesehatanGratisUntukSemua https://t.co/jvfEjl5z1E,program mbg harus mentidakndung karbohidariat kompleks indonesiaemas programpresiden presidenprabowo makansianggratis kesehatangratisuntuksemua,Negative
2024-10-21 08:35:37+00:00,Pengamat Sebut Dalam 100 Hari Kerja Prabowo-Gibran Mesti Jalankan Program Makan Gizi Gratis https://t.co/lUrUNchnIC lewat @tribunnews #PrabowoGibran #MakanSiangGratis,pentidakmat sebut dalam 100 hari kerja prabowo gibran mesti jalan program makan gizi gratis lewat prabowogibran makansianggratis,Positive
